{
  "version_name": "v1",
  "random_seed": 20260318,
  "round_trip": true,
  "f_start": 2402000000.0,
  "f_step": 1000000.0,
  "n_freqs": 40,
  "distance_grid": {
    "start": 1.0,
    "stop": 20.0,
    "step": 0.1
  },
  "distance_scan_values": [1.0, 2.0, 5.0, 10.0, 15.0, 20.0],
  "phase_offsets": [0.0, 1.5707963267948966, 3.141592653589793, 4.71238898038469],
  "save_dir": "results"
}
